id,longitude,latitude,start_date,end_date,label
"1",111.080605875652154,-7.408284956180886,2021-01-01,2021-07-17,Lahan_terbangun
"2",111.080884825389703,-7.407923220600692,2021-01-01,2021-07-17,Lahan_terbangun
"3",111.079951416652506,-7.407667877659442,2021-01-01,2021-07-17,Lahan_terbangun
"4",111.078674685161431,-7.410455363425498,2021-01-01,2021-07-17,Lahan_terbangun
"5",111.078942906062906,-7.410210661182704,2021-01-01,2021-07-17,Lahan_terbangun
"6",111.079500805538004,-7.410827736142850,2021-01-01,2021-07-17,Lahan_terbangun
"7",111.079479347865885,-7.411019241989214,2021-01-01,2021-07-17,Lahan_terbangun
"8",111.078889261882608,-7.411040520411454,2021-01-01,2021-07-17,Lahan_terbangun
"9",111.074951779048774,-7.407072076887818,2021-01-01,2021-07-17,Lahan_terbangun
"10",111.075498949687798,-7.410625590992504,2021-01-01,2021-07-17,Lahan_terbangun
"11",111.071615111034234,-7.410423445749374,2021-01-01,2021-07-17,Lahan_terbangun
"12",111.071582924526055,-7.410806457710344,2021-01-01,2021-07-17,Lahan_terbangun
"13",111.068471562068780,-7.409971278422372,2021-01-01,2021-07-17,Lahan_terbangun
"14",111.068804155986612,-7.411652274611066,2021-01-01,2021-07-17,Lahan_terbangun
"15",111.067902933757622,-7.413386460158378,2021-01-01,2021-07-17,Lahan_terbangun
"16",111.067924391429727,-7.413801386976244,2021-01-01,2021-07-17,Lahan_terbangun
"17",111.069866310756510,-7.415109999763698,2021-01-01,2021-07-17,Lahan_terbangun
"18",111.073449742000406,-7.413769469542604,2021-01-01,2021-07-17,Lahan_terbangun
"19",111.064330231349786,-7.413982252389880,2021-01-01,2021-07-17,Lahan_terbangun
"20",111.062999855678399,-7.412545966175362,2021-01-01,2021-07-17,Lahan_terbangun
"21",111.066572558086236,-7.415865376106108,2021-01-01,2021-07-17,Lahan_terbangun
"22",111.067699085872491,-7.416439886822652,2021-01-01,2021-07-17,Lahan_terbangun
"23",111.065220724742716,-7.418706005113958,2021-01-01,2021-07-17,Lahan_terbangun
"24",111.064534079234889,-7.418876229490930,2021-01-01,2021-07-17,Lahan_terbangun
"25",111.063922535579522,-7.419014536748722,2021-01-01,2021-07-17,Lahan_terbangun
"26",111.071540009181831,-7.417067592118690,2021-01-01,2021-07-17,Lahan_terbangun
"27",111.072698723476236,-7.418514502611148,2021-01-01,2021-07-17,Lahan_terbangun
"28",111.075026880901163,-7.416844171692206,2021-01-01,2021-07-17,Lahan_terbangun
"29",111.075724255245049,-7.417195260882898,2021-01-01,2021-07-17,Lahan_terbangun
"30",111.062602888744181,-7.419067731836304,2021-01-01,2021-07-17,Lahan_terbangun
"31",111.066336523692911,-7.418408112295806,2021-01-01,2021-07-17,Lahan_terbangun
"32",111.067119728725260,-7.418227248700684,2021-01-01,2021-07-17,Lahan_terbangun
"33",111.068535935085123,-7.418961341654712,2021-01-01,2021-07-17,Lahan_terbangun
"34",111.070445667903741,-7.420057159292934,2021-01-01,2021-07-17,Lahan_terbangun
"35",111.069351326625664,-7.418461307456696,2021-01-01,2021-07-17,Lahan_terbangun
"36",111.052496325176065,-7.422536037665236,2021-01-01,2021-07-17,Lahan_terbangun
"37",111.053386818569010,-7.422365814704424,2021-01-01,2021-07-17,Lahan_terbangun
"38",111.053869616191690,-7.420599747598652,2021-01-01,2021-07-17,Lahan_terbangun
"39",111.054084192912882,-7.424142513612766,2021-01-01,2021-07-17,Lahan_terbangun
"40",111.062366854350870,-7.424610624705144,2021-01-01,2021-07-17,Lahan_terbangun
"41",111.062506329219659,-7.425844733377820,2021-01-01,2021-07-17,Lahan_terbangun
"42",111.063589941661661,-7.423344595829338,2021-01-01,2021-07-17,Lahan_terbangun
"43",111.063911806743462,-7.423078622913114,2021-01-01,2021-07-17,Lahan_terbangun
"44",111.054105650585015,-7.425578761973990,2021-01-01,2021-07-17,Lahan_terbangun
"45",111.052989851634820,-7.419886935372842,2021-01-01,2021-07-17,Lahan_terbangun
"46",111.055586229961236,-7.420769971242928,2021-01-01,2021-07-17,Lahan_terbangun
"47",111.056122671764214,-7.420408245920100,2021-01-01,2021-07-17,Lahan_terbangun
"48",111.050822626750787,-7.418940063615310,2021-01-01,2021-07-17,Lahan_terbangun
"49",111.051745306651910,-7.418886868512304,2021-01-01,2021-07-17,Lahan_terbangun
"50",111.052592884700601,-7.418812395357278,2021-01-01,2021-07-17,Lahan_terbangun
"51",111.052625071208780,-7.418131497355522,2021-01-01,2021-07-17,Lahan_terbangun
"52",111.052700173061211,-7.417322929610086,2021-01-01,2021-07-17,Lahan_terbangun
"53",111.052710901897271,-7.416759059118934,2021-01-01,2021-07-17,Lahan_terbangun
"54",111.054738651912515,-7.417046313987712,2021-01-01,2021-07-17,Lahan_terbangun
"55",111.054781567256768,-7.417705935569416,2021-01-01,2021-07-17,Lahan_terbangun
"56",111.054642092387979,-7.419663516377786,2021-01-01,2021-07-17,Lahan_terbangun
"57",111.055897366206963,-7.418184692549858,2021-01-01,2021-07-17,Lahan_terbangun
"58",111.017805706051817,-7.430651085909926,2021-01-01,2021-07-17,Lahan_terbangun
"59",111.020294796017666,-7.429757431128426,2021-01-01,2021-07-17,Lahan_terbangun
"60",111.019350658444409,-7.428353112799450,2021-01-01,2021-07-17,Lahan_terbangun
"61",111.032053600338955,-7.423544352411796,2021-01-01,2021-07-17,Lahan_terbangun
"62",111.037246356991773,-7.422352793034452,2021-01-01,2021-07-17,Lahan_terbangun
"63",111.042653690365810,-7.432608609078732,2021-01-01,2021-07-17,Lahan_terbangun
"64",111.043254505185146,-7.434140577646802,2021-01-01,2021-07-17,Lahan_terbangun
"65",111.050550113705654,-7.431672403434218,2021-01-01,2021-07-17,Lahan_terbangun
"66",111.051751743344298,-7.431204299863672,2021-01-01,2021-07-17,Lahan_terbangun
"67",110.832608134979893,-7.391966262967242,2021-01-01,2021-07-17,Lahan_terbangun
"68",110.832994373078037,-7.398562809691668,2021-01-01,2021-07-17,Lahan_terbangun
"69",110.828402431244527,-7.398945831956848,2021-01-01,2021-07-17,Lahan_terbangun
"70",110.826943309540425,-7.396307227386432,2021-01-01,2021-07-17,Lahan_terbangun
"71",110.826428325409580,-7.398179787093990,2021-01-01,2021-07-17,Lahan_terbangun
"72",110.824067981476475,-7.403159054924968,2021-01-01,2021-07-17,Lahan_terbangun
"73",110.823874862427402,-7.403563351982258,2021-01-01,2021-07-17,Lahan_terbangun
"74",110.823552997345601,-7.404063403092950,2021-01-01,2021-07-17,Lahan_terbangun
"75",110.823241861099888,-7.403765500371884,2021-01-01,2021-07-17,Lahan_terbangun
"76",110.822705419296895,-7.403744221598398,2021-01-01,2021-07-17,Lahan_terbangun
"77",110.822769792313252,-7.402871791001114,2021-01-01,2021-07-17,Lahan_terbangun
"78",110.823048742050815,-7.402552608644022,2021-01-01,2021-07-17,Lahan_terbangun
"79",110.823746116394688,-7.401126924628732,2021-01-01,2021-07-17,Lahan_terbangun
"80",110.824261100525547,-7.400435359827132,2021-01-01,2021-07-17,Lahan_terbangun
"81",110.825891883606587,-7.399435248811820,2021-01-01,2021-07-17,Lahan_terbangun
"82",110.826256664032613,-7.398658565289128,2021-01-01,2021-07-17,Lahan_terbangun
"83",110.827694328064609,-7.398658565289128,2021-01-01,2021-07-17,Lahan_terbangun
"84",110.828831584686910,-7.399509725242154,2021-01-01,2021-07-17,Lahan_terbangun
"85",110.829614789719287,-7.398498972615134,2021-01-01,2021-07-17,Lahan_terbangun
"86",110.830065400833760,-7.398881994935734,2021-01-01,2021-07-17,Lahan_terbangun
"87",110.829378755325948,-7.399658678065104,2021-01-01,2021-07-17,Lahan_terbangun
"88",110.828874500031148,-7.400148094129302,2021-01-01,2021-07-17,Lahan_terbangun
"89",110.825580747360874,-7.401243958564808,2021-01-01,2021-07-17,Lahan_terbangun
"90",110.825055034393955,-7.401541862989224,2021-01-01,2021-07-17,Lahan_terbangun
"91",110.824239642853414,-7.403893172991270,2021-01-01,2021-07-17,Lahan_terbangun
"92",110.821289212937046,-7.404818798376160,2021-01-01,2021-07-17,Lahan_terbangun
"93",110.823134572739292,-7.405212454560062,2021-01-01,2021-07-17,Lahan_terbangun
"94",110.834560783142720,-7.399669317550538,2021-01-01,2021-07-17,Lahan_terbangun
"95",110.828144939179097,-7.404520896165512,2021-01-01,2021-07-17,Lahan_terbangun
"96",110.820975999768379,-7.407805066240098,2021-01-01,2021-07-17,Lahan_terbangun
"97",110.819946031506660,-7.396059134743306,2021-01-01,2021-07-17,Lahan_terbangun
"98",110.820675592358711,-7.397165648880122,2021-01-01,2021-07-17,Lahan_terbangun
"99",110.830245714123834,-7.385547112152324,2021-01-01,2021-07-17,Lahan_terbangun
"100",110.832949380810859,-7.394952617832594,2021-01-01,2021-07-17,Lahan_terbangun
"101",110.831318597729805,-7.395590993311898,2021-01-01,2021-07-17,Lahan_terbangun
"102",110.824580888684423,-7.396569833920402,2021-01-01,2021-07-17,Lahan_terbangun
"103",110.773824367044199,-7.293586554755488,2021-01-01,2021-07-17,Badan_air
"104",110.773395213601802,-7.295204139692542,2021-01-01,2021-07-17,Badan_air
"105",110.776570949075463,-7.293246009813376,2021-01-01,2021-07-17,Badan_air
"106",110.771249446389902,-7.295629818967498,2021-01-01,2021-07-17,Badan_air
"107",110.797513637063730,-7.306356802972348,2021-01-01,2021-07-17,Badan_air
"108",110.805581721780527,-7.304483856055218,2021-01-01,2021-07-17,Badan_air
"109",110.817512187478755,-7.291798690919542,2021-01-01,2021-07-17,Badan_air
"110",110.818284663675044,-7.293416282316822,2021-01-01,2021-07-17,Badan_air
"111",110.820859584329355,-7.294863595981074,2021-01-01,2021-07-17,Badan_air
"112",110.817769679544199,-7.295970362095960,2021-01-01,2021-07-17,Badan_air
"113",110.830129298684810,-7.292309509886894,2021-01-01,2021-07-17,Badan_air
"114",110.833734187600825,-7.293927099438554,2021-01-01,2021-07-17,Badan_air
"115",110.826524409768794,-7.303632513952932,2021-01-01,2021-07-17,Badan_air
"116",110.821031245706294,-7.302696035767822,2021-01-01,2021-07-17,Badan_air
"117",110.817340526101830,-7.304313587764480,2021-01-01,2021-07-17,Badan_air
"118",110.816568049905527,-7.299546049296692,2021-01-01,2021-07-17,Badan_air
"119",110.812877330301035,-7.300312264264190,2021-01-01,2021-07-17,Badan_air
"120",110.809873256204341,-7.301589286292884,2021-01-01,2021-07-17,Badan_air
"121",110.820087108133066,-7.298098750777098,2021-01-01,2021-07-17,Badan_air
"122",110.826009425637935,-7.306441936736624,2021-01-01,2021-07-17,Badan_air
"123",110.827296885965097,-7.308314875446928,2021-01-01,2021-07-17,Badan_air
"124",110.829185161111582,-7.311124268789220,2021-01-01,2021-07-17,Badan_air
"125",110.831845912454341,-7.310187806305208,2021-01-01,2021-07-17,Badan_air
"126",110.829871806619394,-7.305675732274272,2021-01-01,2021-07-17,Badan_air
"127",110.824035319802988,-7.296821718783300,2021-01-01,2021-07-17,Badan_air
"128",110.837939891336177,-7.327895127807890,2021-01-01,2021-07-17,Badan_air
"129",110.838540706155527,-7.320659047705344,2021-01-01,2021-07-17,Badan_air
"130",110.832961711404550,-7.323383232824180,2021-01-01,2021-07-17,Badan_air
"131",110.772193583963130,-7.301929824884642,2021-01-01,2021-07-17,Badan_air
"132",110.770562800882075,-7.303973050988414,2021-01-01,2021-07-17,Badan_air
"133",110.822919520852778,-7.298694697793434,2021-01-01,2021-07-17,Badan_air
"134",110.821117076394785,-7.289414861367416,2021-01-01,2021-07-17,Badan_air
"135",110.831674251077402,-7.293416282316822,2021-01-01,2021-07-17,Badan_air
"136",110.838540706155527,-7.292139236962538,2021-01-01,2021-07-17,Badan_air
"137",110.817254695413340,-7.284476888370048,2021-01-01,2021-07-17,Badan_air
"138",110.820516261575463,-7.283455231991190,2021-01-01,2021-07-17,Badan_air
"139",110.818799647805918,-7.286520194141372,2021-01-01,2021-07-17,Badan_air
"140",110.820344600198482,-7.274260219843470,2021-01-01,2021-07-17,Badan_air
"141",110.825751933572505,-7.277750941093130,2021-01-01,2021-07-17,Badan_air
"142",110.824636134622310,-7.274004800149444,2021-01-01,2021-07-17,Badan_air
"143",110.817855510232675,-7.274600779209412,2021-01-01,2021-07-17,Badan_air
"144",110.814765605447505,-7.272642559326820,2021-01-01,2021-07-17,Badan_air
"145",110.827296885965097,-7.270599190343166,2021-01-01,2021-07-17,Badan_air
"146",110.814765605447505,-7.289414861367416,2021-01-01,2021-07-17,Badan_air
"147",110.834335002420175,-7.342622315952768,2021-01-01,2021-07-17,Badan_air
"148",110.835364970681866,-7.338025442492944,2021-01-01,2021-07-17,Badan_air
"149",110.837253245828364,-7.336408012756376,2021-01-01,2021-07-17,Badan_air
"150",110.834506663797143,-7.310187806305208,2021-01-01,2021-07-17,Badan_air
"151",110.838884028909419,-7.330108493549582,2021-01-01,2021-07-17,Badan_air
"152",110.780690822122310,-7.273834520272680,2021-01-01,2021-07-17,Badan_air
"153",110.782664927957271,-7.270003205971492,2021-01-01,2021-07-17,Badan_air
"154",110.780090007302974,-7.266342141768830,2021-01-01,2021-07-17,Badan_air
"155",110.786269816873300,-7.267278695916324,2021-01-01,2021-07-17,Badan_air
"156",110.791762980935815,-7.267789542810300,2021-01-01,2021-07-17,Badan_air
"157",110.796312007425058,-7.269322080006902,2021-01-01,2021-07-17,Badan_air
"158",110.802320155618418,-7.266171858986834,2021-01-01,2021-07-17,Badan_air
"159",110.802749309060786,-7.260893060747194,2021-01-01,2021-07-17,Badan_air
"160",110.808671626565683,-7.262510763569066,2021-01-01,2021-07-17,Badan_air
"161",110.812104854104746,-7.265235302532510,2021-01-01,2021-07-17,Badan_air
"162",110.816224727151607,-7.265490727213624,2021-01-01,2021-07-17,Badan_air
"163",110.821460399148677,-7.266938130997644,2021-01-01,2021-07-17,Badan_air
"164",110.825666102884028,-7.266597565820842,2021-01-01,2021-07-17,Badan_air
"165",110.828756007669185,-7.267789542810300,2021-01-01,2021-07-17,Badan_air
"166",110.823606166360591,-7.268640953009444,2021-01-01,2021-07-17,Badan_air
"167",110.818971309182871,-7.269236939188702,2021-01-01,2021-07-17,Badan_air
"168",110.773652705667246,-7.281156496626180,2021-01-01,2021-07-17,Badan_air
"169",110.779489192483638,-7.275792734955256,2021-01-01,2021-07-17,Badan_air
"170",110.786441478250254,-7.270258627941906,2021-01-01,2021-07-17,Badan_air
"171",110.790733012674067,-7.269747783855818,2021-01-01,2021-07-17,Badan_air
"172",110.799573573587153,-7.269151798354372,2021-01-01,2021-07-17,Badan_air
"173",110.809100780008052,-7.265150160939886,2021-01-01,2021-07-17,Badan_air
"174",110.814937266824458,-7.266852989727640,2021-01-01,2021-07-17,Badan_air
"175",110.826953563211191,-7.271961437365466,2021-01-01,2021-07-17,Badan_air
"176",110.830987605569590,-7.256465633796386,2021-01-01,2021-07-17,Badan_air
"177",110.835107478616465,-7.261957339574450,2021-01-01,2021-07-17,Badan_air
"178",110.838712367532466,-7.263489896659952,2021-01-01,2021-07-17,Badan_air
"179",110.840772304055918,-7.265277873322782,2021-01-01,2021-07-17,Badan_air
"180",110.824378642556894,-7.283412662924882,2021-01-01,2021-07-17,Badan_air
"181",110.821803721902569,-7.270301198256186,2021-01-01,2021-07-17,Badan_air
"182",110.783866557595957,-7.272089147811924,2021-01-01,2021-07-17,Badan_air
"183",110.848817073040465,-7.311132516173188,2021-01-01,2021-07-17,Badan_air
"184",110.847443782024826,-7.311260215448332,2021-01-01,2021-07-17,Badan_air
"185",110.850233279400342,-7.311515613889052,2021-01-01,2021-07-17,Badan_air
"186",110.841714583569029,-7.314857063362654,2021-01-01,2021-07-17,Badan_air
"187",110.832165919476012,-7.312494639891922,2021-01-01,2021-07-17,Badan_air
"188",110.834526263409131,-7.311494330691234,2021-01-01,2021-07-17,Badan_air
"189",110.836242877178663,-7.310728134894354,2021-01-01,2021-07-17,Badan_air
"190",110.839311324291685,-7.310940967192028,2021-01-01,2021-07-17,Badan_air
"191",110.833775244884961,-7.314644232931772,2021-01-01,2021-07-17,Badan_air
"192",110.831114493542188,-7.312835170172340,2021-01-01,2021-07-17,Badan_air
"193",110.850533686810010,-7.316453288359212,2021-01-01,2021-07-17,Badan_air
"194",110.854396067791455,-7.316602269067600,2021-01-01,2021-07-17,Badan_air
"195",110.857249938183287,-7.316176609768856,2021-01-01,2021-07-17,Badan_air
"196",110.841392718487242,-7.318751842323206,2021-01-01,2021-07-17,Badan_air
"197",110.838324271374219,-7.316751249726244,2021-01-01,2021-07-17,Badan_air
"198",110.845319472485059,-7.310749418128696,2021-01-01,2021-07-17,Badan_air
"199",110.852829657726758,-7.311558180281630,2021-01-01,2021-07-17,Badan_air
"200",110.856069766216734,-7.316304307601106,2021-01-01,2021-07-17,Badan_air
"201",110.845383845501402,-7.311813578551940,2021-01-01,2021-07-17,Badan_air
"202",110.848752700024122,-7.309514988861032,2021-01-01,2021-07-17,Badan_air
"203",110.888456884180954,-7.313797240143054,2021-01-01,2021-07-17,Sawah
"204",110.889218631541183,-7.313759994736536,2021-01-01,2021-07-17,Sawah
"205",110.886525693690217,-7.312839500131188,2021-01-01,2021-07-17,Sawah
"206",110.881579700266769,-7.313015085953832,2021-01-01,2021-07-17,Sawah
"207",110.885506454264586,-7.313759994736536,2021-01-01,2021-07-17,Sawah
"208",110.899877076974306,-7.301931937877976,2021-01-01,2021-07-17,Sawah
"209",110.902505641808901,-7.302325685299524,2021-01-01,2021-07-17,Sawah
"210",110.902151590218949,-7.301644608459642,2021-01-01,2021-07-17,Sawah
"211",110.893707996240067,-7.303038686504758,2021-01-01,2021-07-17,Sawah
"212",110.891690975060868,-7.301016739828902,2021-01-01,2021-07-17,Sawah
"213",110.878043895593095,-7.301101874610154,2021-01-01,2021-07-17,Sawah
"214",110.879073863854813,-7.299633297362096,2021-01-01,2021-07-17,Sawah
"215",110.878000980248842,-7.303868746176874,2021-01-01,2021-07-17,Sawah
"216",110.865319496026430,-7.302996119300538,2021-01-01,2021-07-17,Sawah
"217",110.870640998711977,-7.301293427808714,2021-01-01,2021-07-17,Sawah
"218",110.871477847924638,-7.305741695671640,2021-01-01,2021-07-17,Sawah
"219",110.869031673303041,-7.303655910510446,2021-01-01,2021-07-17,Sawah
"220",110.869997268548403,-7.307274103056384,2021-01-01,2021-07-17,Sawah
"221",110.889437919488358,-7.305656561773970,2021-01-01,2021-07-17,Sawah
"222",110.887249236932192,-7.300442079631534,2021-01-01,2021-07-17,Sawah
"223",110.902999229790865,-7.310997437555818,2021-01-01,2021-07-17,Sawah
"224",110.911625213982774,-7.312785224625310,2021-01-01,2021-07-17,Sawah
"225",110.909264870049668,-7.311337968978042,2021-01-01,2021-07-17,Sawah
"226",110.909565277459322,-7.312976772815340,2021-01-01,2021-07-17,Sawah
"227",110.907655544640718,-7.317063114621814,2021-01-01,2021-07-17,Sawah
"228",110.908556766869722,-7.315807419819466,2021-01-01,2021-07-17,Sawah
"229",110.911818333031817,-7.317339792662508,2021-01-01,2021-07-17,Sawah
"230",110.910809822442246,-7.314424023150332,2021-01-01,2021-07-17,Sawah
"231",110.896132774712740,-7.316807719355030,2021-01-01,2021-07-17,Sawah
"232",110.890811272027193,-7.314424023150332,2021-01-01,2021-07-17,Sawah
"233",110.870775700883641,-7.277902493913608,2021-01-01,2021-07-17,Sawah
"234",110.864982129411473,-7.277859924320206,2021-01-01,2021-07-17,Sawah
"235",110.866720200853138,-7.279796836730098,2021-01-01,2021-07-17,Sawah
"236",110.873200417833104,-7.279137010364896,2021-01-01,2021-07-17,Sawah
"237",110.875453473405614,-7.277476797797894,2021-01-01,2021-07-17,Sawah
"238",110.878135682420506,-7.276987246765484,2021-01-01,2021-07-17,Sawah
"239",110.882727624254017,-7.279775552023782,2021-01-01,2021-07-17,Sawah
"240",110.873608113603382,-7.282244571217480,2021-01-01,2021-07-17,Sawah
"241",110.878114224748387,-7.275241886564330,2021-01-01,2021-07-17,Sawah
"242",111.037668812831214,-7.376108980663790,2021-01-01,2021-07-17,Sawah
"243",111.032122004588416,-7.377417705197498,2021-01-01,2021-07-17,Sawah
"244",111.032379496653817,-7.376183461025670,2021-01-01,2021-07-17,Sawah
"245",111.028656590541175,-7.379694663860002,2021-01-01,2021-07-17,Sawah
"246",111.019923317988670,-7.378354026066024,2021-01-01,2021-07-17,Sawah
"247",111.025373566706932,-7.375949379846150,2021-01-01,2021-07-17,Sawah
"248",111.024493802150047,-7.380545860350708,2021-01-01,2021-07-17,Sawah
"249",111.023141968806556,-7.381673693177834,2021-01-01,2021-07-17,Sawah
"250",111.023184884150794,-7.382716403987582,2021-01-01,2021-07-17,Sawah
"251",111.026167500575355,-7.382163129170216,2021-01-01,2021-07-17,Sawah
"252",111.032003987391761,-7.380375621183592,2021-01-01,2021-07-17,Sawah
"253",111.037368405421546,-7.379588264183498,2021-01-01,2021-07-17,Sawah
"254",111.044792759974754,-7.379375464753728,2021-01-01,2021-07-17,Sawah
"255",111.047067273219398,-7.373672401914282,2021-01-01,2021-07-17,Sawah
"256",111.025180447657860,-7.384567741611758,2021-01-01,2021-07-17,Sawah
"257",111.046681035121239,-7.383290957872926,2021-01-01,2021-07-17,Sawah
"258",111.044664013942025,-7.384142147441828,2021-01-01,2021-07-17,Sawah
"259",111.047753918727196,-7.384482622810542,2021-01-01,2021-07-17,Sawah
"260",111.070057811443206,-7.352610141065668,2021-01-01,2021-07-17,Sawah
"261",111.064950885478865,-7.349886134859448,2021-01-01,2021-07-17,Sawah
"262",111.063341560069929,-7.349588195667050,2021-01-01,2021-07-17,Sawah
"263",111.073319377605330,-7.352461172408162,2021-01-01,2021-07-17,Sawah
"264",111.074199142162215,-7.352567578597194,2021-01-01,2021-07-17,Sawah
"265",111.076301994029876,-7.353099609159874,2021-01-01,2021-07-17,Sawah
"266",111.072632732097503,-7.354695697022594,2021-01-01,2021-07-17,Sawah
"267",111.071817340556990,-7.354674415888842,2021-01-01,2021-07-17,Sawah
"268",111.072096290294539,-7.353759326172198,2021-01-01,2021-07-17,Sawah
"269",111.057333411876556,-7.352376047438578,2021-01-01,2021-07-17,Sawah
"270",111.057204665843841,-7.350205355200950,2021-01-01,2021-07-17,Sawah
"271",111.058792533580672,-7.351971703610206,2021-01-01,2021-07-17,Sawah
"272",111.074714126293074,-7.351014045705988,2021-01-01,2021-07-17,Sawah
"273",111.078426303569685,-7.351482234272720,2021-01-01,2021-07-17,Sawah
"274",111.078705253307234,-7.353120890369106,2021-01-01,2021-07-17,Sawah
"275",111.071946086589691,-7.350439449972250,2021-01-01,2021-07-17,Sawah
"276",111.095616575082545,-7.351543082555746,2021-01-01,2021-07-17,Sawah
"277",111.097333188852062,-7.351096175359434,2021-01-01,2021-07-17,Sawah
"278",111.099865194162135,-7.351819739166180,2021-01-01,2021-07-17,Sawah
"279",111.100820060571422,-7.352213442506932,2021-01-01,2021-07-17,Sawah
"280",111.100594755014171,-7.353447753420650,2021-01-01,2021-07-17,Sawah
"281",111.099875922998180,-7.352915723275146,2021-01-01,2021-07-17,Sawah
"282",111.101699825128321,-7.353309425644150,2021-01-01,2021-07-17,Sawah
"283",111.091464515527477,-7.353288144443936,2021-01-01,2021-07-17,Sawah
"284",111.090337987741236,-7.352543301793972,2021-01-01,2021-07-17,Sawah
"285",111.144803828980130,-7.354373501397336,2021-01-01,2021-07-17,Sawah
"286",111.147786445404691,-7.355118340976692,2021-01-01,2021-07-17,Sawah
"287",111.146799392487210,-7.355097059863192,2021-01-01,2021-07-17,Sawah
"288",111.146026916290921,-7.354990654280416,2021-01-01,2021-07-17,Sawah
"289",111.139675445343642,-7.353500973443488,2021-01-01,2021-07-17,Sawah
"290",111.140490836884183,-7.355607806305454,2021-01-01,2021-07-17,Sawah
"291",111.134761638428387,-7.353756347656260,2021-01-01,2021-07-17,Sawah
"292",111.165966171094581,-7.363398455140036,2021-01-01,2021-07-17,Sawah
"293",111.172038692304298,-7.363292051548374,2021-01-01,2021-07-17,Sawah
"294",111.173669475385339,-7.363270770826972,2021-01-01,2021-07-17,Sawah
"295",111.158842223951012,-7.366037256043232,2021-01-01,2021-07-17,Sawah
"296",111.158606189557702,-7.367484333739662,2021-01-01,2021-07-17,Sawah
"297",111.152018684217140,-7.369122930720086,2021-01-01,2021-07-17,Sawah
"298",111.154894012281090,-7.368229151300176,2021-01-01,2021-07-17,Sawah
"299",111.164034980603859,-7.364866822097248,2021-01-01,2021-07-17,Sawah
"300",111.165837425061866,-7.365930853084944,2021-01-01,2021-07-17,Sawah
"301",111.153670924970314,-7.362334418074290,2021-01-01,2021-07-17,Sawah
"302",111.149357932874366,-7.367760980408282,2021-01-01,2021-07-17,Sawah
"303",111.057742726009209,-7.422344536829686,2021-01-01,2021-07-17,Sawah
"304",111.056626927059014,-7.422865844464318,2021-01-01,2021-07-17,Sawah
"305",111.056616198222940,-7.424163791400496,2021-01-01,2021-07-17,Sawah
"306",111.061154495876139,-7.423185012098902,2021-01-01,2021-07-17,Sawah
"307",111.063493382137125,-7.420961472764002,2021-01-01,2021-07-17,Sawah
"308",111.063643585841973,-7.421557254740874,2021-01-01,2021-07-17,Sawah
"309",110.968216333161863,-7.397203596405728,2021-01-01,2021-07-17,Sawah
"310",110.968902978669689,-7.405034231848830,2021-01-01,2021-07-17,Sawah
"311",110.956200036775130,-7.402991470789004,2021-01-01,2021-07-17,Sawah
"312",110.959289941560314,-7.410481548392412,2021-01-01,2021-07-17,Sawah
"313",110.948646936189206,-7.416609698987116,2021-01-01,2021-07-17,Sawah
"314",110.934570703279050,-7.411843367005436,2021-01-01,2021-07-17,Sawah
"315",110.907104882966550,-7.401289162677100,2021-01-01,2021-07-17,Sawah
"316",110.910538110505627,-7.392437054620140,2021-01-01,2021-07-17,Sawah
"317",110.920837793122800,-7.384606195725426,2021-01-01,2021-07-17,Sawah
"318",110.933540735017345,-7.380860953296884,2021-01-01,2021-07-17,Sawah
"319",110.956886682282956,-7.379158559890242,2021-01-01,2021-07-17,Sawah
"320",110.980232629548581,-7.402651009692290,2021-01-01,2021-07-17,Sawah
"321",110.912254724275130,-7.427844420100736,2021-01-01,2021-07-17,Sawah
"322",110.908821496736095,-7.454057651770966,2021-01-01,2021-07-17,Sawah
"323",110.924957666169689,-7.448610875450188,2021-01-01,2021-07-17,Sawah
"324",110.964783105622800,-7.401629624825120,2021-01-01,2021-07-17,Sawah
"325",111.035507592927502,-7.382903816735720,2021-01-01,2021-07-17,Sawah
"326",110.808914575349363,-7.398905920283148,2021-01-01,2021-07-17,Sawah
"327",110.792091760407956,-7.468014706756328,2021-01-01,2021-07-17,Sawah
"328",110.906074914704831,-7.473120835079596,2021-01-01,2021-07-17,Sawah
"329",111.037567529450939,-7.388691878551376,2021-01-01,2021-07-17,Sawah
"330",111.064690027009519,-7.385627619972698,2021-01-01,2021-07-17,Sawah
"331",111.110351953279078,-7.389713293355516,2021-01-01,2021-07-17,Sawah
"332",111.134727868806394,-7.375413271338938,2021-01-01,2021-07-17,Sawah
"333",111.030104334013870,-7.417556794243386,2021-01-01,2021-07-17,Hutan_kota
"334",111.027143175261429,-7.418131302752088,2021-01-01,2021-07-17,Hutan_kota
"335",111.027121717589310,-7.418854756844290,2021-01-01,2021-07-17,Hutan_kota
"336",111.026005918639115,-7.420131437634710,2021-01-01,2021-07-17,Hutan_kota
"337",111.046197588103226,-7.415386421998232,2021-01-01,2021-07-17,Hutan_kota
"338",111.045832807677201,-7.416322662318448,2021-01-01,2021-07-17,Hutan_kota
"339",111.046025926726287,-7.419493097702572,2021-01-01,2021-07-17,Hutan_kota
"340",111.045639688628142,-7.417471681807932,2021-01-01,2021-07-17,Hutan_kota
"341",111.046197588103254,-7.413747996646852,2021-01-01,2021-07-17,Hutan_kota
"342",111.024482423918670,-7.414599127460502,2021-01-01,2021-07-17,Hutan_kota
"343",111.022014791624983,-7.414173562259342,2021-01-01,2021-07-17,Hutan_kota
"344",111.022379572050994,-7.414194840529158,2021-01-01,2021-07-17,Hutan_kota
"345",111.026113206999710,-7.421706005507142,2021-01-01,2021-07-17,Hutan_kota
"346",111.045682603972367,-7.421110223731764,2021-01-01,2021-07-17,Hutan_kota
"347",111.073514999487145,-7.404945997700332,2021-01-01,2021-07-17,Hutan_kota
"348",111.077720703222482,-7.405956735551804,2021-01-01,2021-07-17,Hutan_kota
"349",111.078546823599083,-7.405914178215320,2021-01-01,2021-07-17,Hutan_kota
"350",111.077044786550729,-7.405126866749252,2021-01-01,2021-07-17,Hutan_kota
"351",111.076433242895334,-7.406552537831152,2021-01-01,2021-07-17,Hutan_kota
"352",111.074319662191613,-7.404456586960588,2021-01-01,2021-07-17,Hutan_kota
"353",111.074148000814645,-7.404722571125672,2021-01-01,2021-07-17,Hutan_kota
"354",111.074169458486779,-7.405243899623726,2021-01-01,2021-07-17,Hutan_kota
"355",111.072281183340294,-7.405594998060712,2021-01-01,2021-07-17,Hutan_kota
"356",111.072753252126901,-7.405946096218062,2021-01-01,2021-07-17,Hutan_kota
"357",111.074587883093102,-7.405467325934174,2021-01-01,2021-07-17,Hutan_kota
"358",111.074813188650339,-7.404531062542988,2021-01-01,2021-07-17,Hutan_kota
"359",111.076572717764122,-7.405605637402926,2021-01-01,2021-07-17,Hutan_kota
"360",111.077591957189782,-7.407765418554052,2021-01-01,2021-07-17,Hutan_kota
"361",111.077967466451852,-7.406680209643374,2021-01-01,2021-07-17,Hutan_kota
"362",111.078911604025109,-7.406658931010570,2021-01-01,2021-07-17,Hutan_kota
"363",111.078053297140329,-7.408254825619824,2021-01-01,2021-07-17,Hutan_kota
"364",111.073450626470773,-7.406424865981942,2021-01-01,2021-07-17,Hutan_kota
"365",111.071626724340661,-7.407276010944750,2021-01-01,2021-07-17,Hutan_kota
"366",111.071412147619455,-7.408488889676536,2021-01-01,2021-07-17,Hutan_kota
"367",111.072527946569650,-7.404871522188016,2021-01-01,2021-07-17,Hutan_kota
"368",111.074791730978220,-7.404850243467914,2021-01-01,2021-07-17,Hutan_kota
"369",111.072645963766305,-7.404020372582480,2021-01-01,2021-07-17,Hutan_kota
"370",111.079833399455879,-7.408646691464102,2021-01-01,2021-07-17,Hutan_kota
"371",111.078266989391167,-7.408657330732642,2021-01-01,2021-07-17,Hutan_kota
"372",111.080788265865166,-7.409380800390734,2021-01-01,2021-07-17,Hutan_kota
"373",111.087129007976372,-7.407380616673684,2021-01-01,2021-07-17,Hutan_kota
"374",111.074061285655802,-7.407167830637584,2021-01-01,2021-07-17,Hutan_kota
"375",111.073331724803751,-7.407401895271644,2021-01-01,2021-07-17,Hutan_kota
"376",111.058343540828531,-7.419855018380500,2021-01-01,2021-07-17,Hutan_kota
"377",111.060414206188042,-7.421950895961422,2021-01-01,2021-07-17,Hutan_kota
"378",111.054062735240763,-7.423302040173550,2021-01-01,2021-07-17,Hutan_kota
"379",111.054266583125894,-7.423695679832420,2021-01-01,2021-07-17,Hutan_kota
"380",111.054491888683145,-7.424504235864282,2021-01-01,2021-07-17,Hutan_kota
"381",111.054534804027369,-7.421110418333862,2021-01-01,2021-07-17,Hutan_kota
"382",111.056251417796929,-7.419163482977732,2021-01-01,2021-07-17,Hutan_kota
"383",111.055313716916089,-7.428182892090980,2021-01-01,2021-07-17,Hutan_kota
"384",111.044971118954649,-7.432863937544526,2021-01-01,2021-07-17,Hutan_kota
"385",111.049520145443921,-7.435970421987168,2021-01-01,2021-07-17,Hutan_kota
"386",111.044627796200771,-7.433927804554158,2021-01-01,2021-07-17,Hutan_kota
"387",111.030379901913662,-7.431289409640880,2021-01-01,2021-07-17,Hutan_kota
"388",111.031710277585063,-7.434012913803584,2021-01-01,2021-07-17,Hutan_kota
"389",111.030251155880947,-7.436566183614980,2021-01-01,2021-07-17,Hutan_kota
"390",111.034413944272046,-7.444949315037106,2021-01-01,2021-07-17,Hutan_kota
"391",111.028792034176846,-7.429331880593606,2021-01-01,2021-07-17,Hutan_kota
"392",111.000596653012295,-7.428736109152450,2021-01-01,2021-07-17,Hutan_kota
"393",111.006733547238369,-7.423033684502546,2021-01-01,2021-07-17,Hutan_kota
"394",110.994331012753491,-7.426863679364836,2021-01-01,2021-07-17,Hutan_kota
"395",111.001669536618238,-7.429927651226956,2021-01-01,2021-07-17,Hutan_kota
"396",111.005617748288174,-7.433076711152634,2021-01-01,2021-07-17,Hutan_kota
"397",111.007162700680752,-7.435246996066474,2021-01-01,2021-07-17,Hutan_kota
"398",111.010553012875562,-7.436395966089530,2021-01-01,2021-07-17,Hutan_kota
"399",110.989867816952710,-7.445970599286704,2021-01-01,2021-07-17,Hutan_kota
"400",110.991026531247130,-7.445885492356782,2021-01-01,2021-07-17,Hutan_kota
"401",110.991026531247130,-7.437757704444792,2021-01-01,2021-07-17,Hutan_kota
"402",110.991498600033779,-7.429587210963968,2021-01-01,2021-07-17,Hutan_kota
"403",110.973130832699781,-7.431544738873546,2021-01-01,2021-07-17,Hutan_kota
"404",110.973731647519131,-7.426650902747860,2021-01-01,2021-07-17,Hutan_kota
"405",111.002313266781812,-7.450225924714132,2021-01-01,2021-07-17,Hutan_kota
"406",111.014072071103101,-7.446821667677326,2021-01-01,2021-07-17,Hutan_kota
"407",111.020681034115796,-7.449587628534108,2021-01-01,2021-07-17,Hutan_kota
"408",111.024929653195414,-7.443034400657648,2021-01-01,2021-07-17,Hutan_kota
"409",111.000810184091549,-7.456140618272706,2021-01-01,2021-07-17,Hutan_kota
"410",111.003642596811261,-7.455034252576626,2021-01-01,2021-07-17,Hutan_kota
"411",110.986433543771724,-7.454225752800052,2021-01-01,2021-07-17,Hutan_kota
"412",110.988321818918209,-7.446395993552526,2021-01-01,2021-07-17,Hutan_kota
"413",110.991454639047603,-7.440864014115722,2021-01-01,2021-07-17,Hutan_kota
"414",110.976391353219967,-7.459417146431330,2021-01-01,2021-07-17,Hutan_kota
"415",110.967507876962628,-7.457757609260574,2021-01-01,2021-07-17,Hutan_kota
"416",110.965962924570050,-7.462480890826424,2021-01-01,2021-07-17,Hutan_kota
"417",110.984201945871334,-7.448778978569374,2021-01-01,2021-07-17,Hutan_kota
"418",110.993814982980695,-7.441076783845844,2021-01-01,2021-07-17,Hutan_kota
"419",110.994887866586652,-7.441161891708980,2021-01-01,2021-07-17,Hutan_kota
"420",110.997033633798580,-7.456523590362258,2021-01-01,2021-07-17,Hutan_kota
"421",111.005745448678951,-7.458778863648832,2021-01-01,2021-07-17,Hutan_kota
"422",110.986862697214107,-7.458438445784204,2021-01-01,2021-07-17,Hutan_kota
"423",111.002612628549556,-7.393754260513962,2021-01-01,2021-07-17,Hutan_kota
"424",110.992055453866925,-7.385285035515670,2021-01-01,2021-07-17,Hutan_kota
"425",110.976992168039303,-7.382305872556482,2021-01-01,2021-07-17,Hutan_kota
"426",110.974116839975324,-7.383923134939450,2021-01-01,2021-07-17,Hutan_kota
"427",110.839966120777206,-7.383684613340174,2021-01-01,2021-07-17,Hutan_kota
"428",110.840631308612899,-7.383514375381330,2021-01-01,2021-07-17,Hutan_kota
"429",110.843978705463499,-7.389983371725632,2021-01-01,2021-07-17,Hutan_kota
"430",110.858333888111204,-7.396069248911406,2021-01-01,2021-07-17,Hutan_kota
"431",110.858934702930526,-7.390174886621422,2021-01-01,2021-07-17,Hutan_kota
"432",110.860458197650999,-7.393834933115782,2021-01-01,2021-07-17,Hutan_kota
"433",110.848549189624862,-7.392260265667398,2021-01-01,2021-07-17,Hutan_kota
"434",110.845073046741561,-7.391983634319576,2021-01-01,2021-07-17,Hutan_kota
"435",110.840009036121458,-7.387195756621848,2021-01-01,2021-07-17,Hutan_kota
"436",110.839794459400267,-7.388770442124322,2021-01-01,2021-07-17,Hutan_kota
"437",110.846124472675413,-7.386387132156256,2021-01-01,2021-07-17,Hutan_kota
"438",110.843528094348983,-7.385621065508384,2021-01-01,2021-07-17,Hutan_kota
"439",110.845502200183930,-7.384344284811626,2021-01-01,2021-07-17,Hutan_kota
"440",110.843635382709607,-7.386365852545076,2021-01-01,2021-07-17,Hutan_kota
"441",110.850244345722274,-7.385046514651194,2021-01-01,2021-07-17,Hutan_kota
"442",110.853977980671004,-7.383705893080420,2021-01-01,2021-07-17,Hutan_kota
"443",110.854943575916380,-7.382939821786292,2021-01-01,2021-07-17,Hutan_kota
"444",110.853827776966199,-7.384769878786942,2021-01-01,2021-07-17,Hutan_kota
"445",110.851810755786985,-7.386557369008804,2021-01-01,2021-07-17,Hutan_kota
"446",110.841489615497679,-7.388834280607410,2021-01-01,2021-07-17,Hutan_kota
"447",110.837176623401731,-7.384684760024656,2021-01-01,2021-07-17,Hutan_kota
"448",110.845909895954208,-7.395175523950182,2021-01-01,2021-07-17,Hutan_kota
"449",110.851074301987524,-7.383554766553174,2021-01-01,2021-07-17,Kebun_campuran
"450",110.790540715379663,-7.390363762473122,2021-01-01,2021-07-17,Kebun_campuran
"451",110.791184445543237,-7.390874468237590,2021-01-01,2021-07-17,Kebun_campuran
"452",110.792343159837671,-7.389640261629412,2021-01-01,2021-07-17,Kebun_campuran
"453",110.793222924394541,-7.389874335561454,2021-01-01,2021-07-17,Kebun_campuran
"454",110.793609162492700,-7.390214806513930,2021-01-01,2021-07-17,Kebun_campuran
"455",110.792815228624278,-7.391321335297110,2021-01-01,2021-07-17,Kebun_campuran
"456",110.792858143968516,-7.392129950731732,2021-01-01,2021-07-17,Kebun_campuran
"457",110.794338723344737,-7.392257626717656,2021-01-01,2021-07-17,Kebun_campuran
"458",110.795454522294946,-7.391832039954388,2021-01-01,2021-07-17,Kebun_campuran
"459",110.796076794786387,-7.391938436683648,2021-01-01,2021-07-17,Kebun_campuran
"460",110.790905495805674,-7.392066112724940,2021-01-01,2021-07-17,Kebun_campuran
"461",110.788802643937998,-7.393023681857992,2021-01-01,2021-07-17,Kebun_campuran
"462",110.789103051347666,-7.393725897902502,2021-01-01,2021-07-17,Kebun_campuran
"463",110.791012784166284,-7.392789609594992,2021-01-01,2021-07-17,Kebun_campuran
"464",110.795905133409462,-7.392874726795892,2021-01-01,2021-07-17,Kebun_campuran
"465",110.796184083146997,-7.390299924211048,2021-01-01,2021-07-17,Kebun_campuran
"466",110.779102735470090,-7.398577341716092,2021-01-01,2021-07-17,Kebun_campuran
"467",110.779832296322141,-7.398939084963354,2021-01-01,2021-07-17,Kebun_campuran
"468",110.778577022503185,-7.398832689921416,2021-01-01,2021-07-17,Kebun_campuran
"469",110.778147869060788,-7.398822050415808,2021-01-01,2021-07-17,Kebun_campuran
"470",110.774264030407210,-7.397651703233082,2021-01-01,2021-07-17,Kebun_campuran
"471",110.778201513241100,-7.400205183993072,2021-01-01,2021-07-17,Kebun_campuran
"472",110.777836732815075,-7.398194319131038,2021-01-01,2021-07-17,Kebun_campuran
"473",110.781001739452634,-7.401098898767452,2021-01-01,2021-07-17,Kebun_campuran
"474",110.785293273876476,-7.399641291596666,2021-01-01,2021-07-17,Kebun_campuran
"475",110.774800472210202,-7.399620012624202,2021-01-01,2021-07-17,Kebun_campuran
"476",110.776399068783078,-7.398492225614810,2021-01-01,2021-07-17,Kebun_campuran
"477",110.772869281719466,-7.396140886825846,2021-01-01,2021-07-17,Kebun_campuran
"478",110.769715003917966,-7.394608786033124,2021-01-01,2021-07-17,Kebun_campuran
"479",110.769779376934338,-7.396077049398984,2021-01-01,2021-07-17,Kebun_campuran
"480",110.773083858440685,-7.393012842053480,2021-01-01,2021-07-17,Kebun_campuran
"481",110.779134921978269,-7.393034121344484,2021-01-01,2021-07-17,Kebun_campuran
"482",110.777933292339597,-7.394204480770552,2021-01-01,2021-07-17,Kebun_campuran
"483",110.780121974895749,-7.396268561651860,2021-01-01,2021-07-17,Kebun_campuran
"484",110.776519540806802,-7.405316865344150,2021-01-01,2021-07-17,Kebun_campuran
"485",110.777549509068507,-7.405508373585482,2021-01-01,2021-07-17,Kebun_campuran
"486",110.778343442936929,-7.406699978550926,2021-01-01,2021-07-17,Kebun_campuran
"487",110.779180292149562,-7.406997879288928,2021-01-01,2021-07-17,Kebun_campuran
"488",110.777270559330958,-7.406380798965332,2021-01-01,2021-07-17,Kebun_campuran
"489",110.777871374150294,-7.407444730018384,2021-01-01,2021-07-17,Kebun_campuran
"490",110.775618318577799,-7.408678886822092,2021-01-01,2021-07-17,Kebun_campuran
"491",110.778236154576334,-7.408785279488168,2021-01-01,2021-07-17,Kebun_campuran
"492",110.779931310673732,-7.406104176470876,2021-01-01,2021-07-17,Kebun_campuran
"493",110.772893194218653,-7.404103977883852,2021-01-01,2021-07-17,Kebun_campuran
"494",110.774202112217921,-7.409487470439932,2021-01-01,2021-07-17,Kebun_campuran
"495",110.775875810643228,-7.411232303716812,2021-01-01,2021-07-17,Kebun_campuran
"496",110.775103334446939,-7.412892016761174,2021-01-01,2021-07-17,Kebun_campuran
"497",110.794510529924153,-7.354171520052728,2021-01-01,2021-07-17,Kebun_campuran
"498",110.795905278611897,-7.353447960078338,2021-01-01,2021-07-17,Kebun_campuran
"499",110.795368836808919,-7.352469024118394,2021-01-01,2021-07-17,Kebun_campuran
"500",110.792922662187351,-7.352596711539914,2021-01-01,2021-07-17,Kebun_campuran
"501",110.798523114610447,-7.354043833084122,2021-01-01,2021-07-17,Kebun_campuran
"502",110.796677754808215,-7.355341982220298,2021-01-01,2021-07-17,Kebun_campuran
"503",110.799960778642415,-7.354746110957010,2021-01-01,2021-07-17,Kebun_campuran
"504",110.792321847368015,-7.353064898438002,2021-01-01,2021-07-17,Kebun_campuran
"505",110.803351090837225,-7.354618424153664,2021-01-01,2021-07-17,Kebun_campuran
"506",110.797021077562093,-7.351107022670970,2021-01-01,2021-07-17,Kebun_campuran
"507",110.785863088060140,-7.352894648714006,2021-01-01,2021-07-17,Kebun_campuran
"508",110.795712159562825,-7.347765845180558,2021-01-01,2021-07-17,Kebun_campuran
"509",110.787064717698811,-7.348255318613220,2021-01-01,2021-07-17,Kebun_campuran
"510",110.786270783830403,-7.348468132980962,2021-01-01,2021-07-17,Kebun_campuran
"511",110.789618180681003,-7.348553258699528,2021-01-01,2021-07-17,Kebun_campuran
"512",110.790218995500325,-7.348510695842288,2021-01-01,2021-07-17,Kebun_campuran
"513",110.794274495530843,-7.348319162934252,2021-01-01,2021-07-17,Kebun_campuran
"514",110.797364400315999,-7.347765845180558,2021-01-01,2021-07-17,Kebun_campuran
"515",110.797321484971775,-7.342402883563648,2021-01-01,2021-07-17,Kebun_campuran
"516",110.796162770677341,-7.341636740908426,2021-01-01,2021-07-17,Kebun_campuran
"517",110.794489072252034,-7.343041334767936,2021-01-01,2021-07-17,Kebun_campuran
"518",110.797943757463216,-7.343701066715908,2021-01-01,2021-07-17,Kebun_campuran
"519",110.798973725724949,-7.343786193347556,2021-01-01,2021-07-17,Kebun_campuran
"520",110.796012566972493,-7.344552332298882,2021-01-01,2021-07-17,Kebun_campuran
"521",110.791034387040852,-7.346191013956492,2021-01-01,2021-07-17,Kebun_campuran
"522",110.788759873796224,-7.345552567275816,2021-01-01,2021-07-17,Kebun_campuran
"523",110.791334794450535,-7.346935867258076,2021-01-01,2021-07-17,Kebun_campuran
"524",110.800540135789632,-7.344977964479074,2021-01-01,2021-07-17,Kebun_campuran
"525",110.798780606675862,-7.346595363046538,2021-01-01,2021-07-17,Kebun_campuran
"526",110.801419900346517,-7.346042043146362,2021-01-01,2021-07-17,Kebun_campuran
"527",110.803415463853611,-7.346552800001758,2021-01-01,2021-07-17,Kebun_campuran
"528",110.805089162278890,-7.346978430266160,2021-01-01,2021-07-17,Kebun_campuran
"529",110.805904553819417,-7.346978430266160,2021-01-01,2021-07-17,Kebun_campuran
"530",110.806569741655110,-7.350532427057522,2021-01-01,2021-07-17,Kebun_campuran
"531",110.807728455949530,-7.351490086000268,2021-01-01,2021-07-17,Kebun_campuran
"532",110.787579701829685,-7.344211826261312,2021-01-01,2021-07-17,Kebun_campuran
"533",110.805518315721287,-7.344531050679178,2021-01-01,2021-07-17,Kebun_campuran
"534",110.807234929490804,-7.344509769058460,2021-01-01,2021-07-17,Kebun_campuran
"535",110.801462815690769,-7.340040606137498,2021-01-01,2021-07-17,Kebun_campuran
"536",110.811311887193455,-7.341700586180114,2021-01-01,2021-07-17,Kebun_campuran
"537",110.814337418962239,-7.341743149689484,2021-01-01,2021-07-17,Kebun_campuran
"538",110.815560506273044,-7.342275193212770,2021-01-01,2021-07-17,Kebun_campuran
"539",110.817105458665623,-7.339125486285452,2021-01-01,2021-07-17,Kebun_campuran
"540",110.818242715287923,-7.337827289777498,2021-01-01,2021-07-17,Kebun_campuran
"541",110.818714784074558,-7.341977248918156,2021-01-01,2021-07-17,Kebun_campuran
"542",110.820195363450779,-7.342934926297560,2021-01-01,2021-07-17,Kebun_campuran
"543",110.800304101396335,-7.342381601841046,2021-01-01,2021-07-17,Kebun_campuran
"544",110.800930255798690,-7.335932441749834,2021-01-01,2021-07-17,Kebun_campuran
"545",110.803505176452987,-7.336336800167260,2021-01-01,2021-07-17,Kebun_campuran
"546",110.804792636780121,-7.336060133921346,2021-01-01,2021-07-17,Kebun_campuran
"547",110.813933605102875,-7.333314744160868,2021-01-01,2021-07-17,Kebun_campuran
"548",110.815221065430038,-7.332761407740398,2021-01-01,2021-07-17,Kebun_campuran
"549",110.810500377563827,-7.331463192670048,2021-01-01,2021-07-17,Kebun_campuran
"550",110.819233650116303,-7.333272179845242,2021-01-01,2021-07-17,Kebun_campuran
"551",111.046410303052085,-7.488507295426042,2021-01-01,2021-07-17,Perkebunan
"552",111.047569017346518,-7.487826505770264,2021-01-01,2021-07-17,Perkebunan
"553",111.046839456494453,-7.489273182517792,2021-01-01,2021-07-17,Perkebunan
"554",111.046581964429024,-7.490379461496452,2021-01-01,2021-07-17,Perkebunan
"555",111.046581964429024,-7.491187894358660,2021-01-01,2021-07-17,Perkebunan
"556",111.047654848034995,-7.491230443415118,2021-01-01,2021-07-17,Perkebunan
"557",111.047569017346518,-7.489826322358152,2021-01-01,2021-07-17,Perkebunan
"558",111.047783594067710,-7.488209450082468,2021-01-01,2021-07-17,Perkebunan
"559",111.049199800427559,-7.486124526979500,2021-01-01,2021-07-17,Perkebunan
"560",111.044822435315254,-7.492592011027940,2021-01-01,2021-07-17,Perkebunan
"561",111.044135789807456,-7.493442988625008,2021-01-01,2021-07-17,Perkebunan
"562",111.044178705151680,-7.499314688723902,2021-01-01,2021-07-17,Perkebunan
"563",111.044178705151680,-7.500250749536640,2021-01-01,2021-07-17,Perkebunan
"564",111.044307451184395,-7.501357000628620,2021-01-01,2021-07-17,Perkebunan
"565",111.043792467053535,-7.502122865121698,2021-01-01,2021-07-17,Perkebunan
"566",111.042204599316719,-7.502420700949388,2021-01-01,2021-07-17,Perkebunan
"567",111.041517953808906,-7.502888728266642,2021-01-01,2021-07-17,Perkebunan
"568",111.042891244824531,-7.503016371993042,2021-01-01,2021-07-17,Perkebunan
"569",111.043019990857260,-7.503441850810602,2021-01-01,2021-07-17,Perkebunan
"570",111.044693689282539,-7.502080317129670,2021-01-01,2021-07-17,Perkebunan
"571",111.043062906201499,-7.500718779188004,2021-01-01,2021-07-17,Perkebunan
"572",111.051731805737631,-7.484720389475666,2021-01-01,2021-07-17,Perkebunan
"573",111.052761773999350,-7.484975687539928,2021-01-01,2021-07-17,Perkebunan
"574",111.053748826916831,-7.485401183981578,2021-01-01,2021-07-17,Perkebunan
"575",111.052118043835776,-7.486379824221674,2021-01-01,2021-07-17,Perkebunan
"576",111.051302652295234,-7.490294363213184,2021-01-01,2021-07-17,Perkebunan
"577",111.051474313672202,-7.491996325720920,2021-01-01,2021-07-17,Perkebunan
"578",111.052718858655098,-7.491655933751222,2021-01-01,2021-07-17,Perkebunan
"579",111.052332620556953,-7.493315342091424,2021-01-01,2021-07-17,Perkebunan
"580",111.068468789990547,-7.487401011695494,2021-01-01,2021-07-17,Perkebunan
"581",111.069370012219565,-7.486039427865548,2021-01-01,2021-07-17,Perkebunan
"582",111.071344118054526,-7.486464923269178,2021-01-01,2021-07-17,Perkebunan
"583",111.071215372021811,-7.488166900731056,2021-01-01,2021-07-17,Perkebunan
"584",111.070914964612129,-7.489485928693320,2021-01-01,2021-07-17,Perkebunan
"585",111.070657472546714,-7.490294363213184,2021-01-01,2021-07-17,Perkebunan
"586",111.068683366711767,-7.490124166596782,2021-01-01,2021-07-17,Perkebunan
"587",111.067610483105781,-7.490209264913290,2021-01-01,2021-07-17,Perkebunan
"588",111.069455842908027,-7.488124351375498,2021-01-01,2021-07-17,Perkebunan
"589",111.074820260937827,-7.498208432440674,2021-01-01,2021-07-17,Perkebunan
"590",111.075549821789849,-7.498591367626110,2021-01-01,2021-07-17,Perkebunan
"591",111.076279382641914,-7.499612526473612,2021-01-01,2021-07-17,Perkebunan
"592",111.075678567822578,-7.500718779188004,2021-01-01,2021-07-17,Perkebunan
"593",111.074820260937827,-7.501569740900812,2021-01-01,2021-07-17,Perkebunan
"594",111.073961954053061,-7.501569740900812,2021-01-01,2021-07-17,Perkebunan
"595",111.074090700085776,-7.499484881748686,2021-01-01,2021-07-17,Perkebunan
"596",111.061516504223945,-7.494549257015768,2021-01-01,2021-07-17,Perkebunan
"597",111.061688165600899,-7.495527876711388,2021-01-01,2021-07-17,Perkebunan
"598",111.062331895764487,-7.496463945666714,2021-01-01,2021-07-17,Perkebunan
"599",111.064735155041831,-7.487741406988540,2021-01-01,2021-07-17,Perkebunan
"600",111.043320398266914,-7.508547564153796,2021-01-01,2021-07-17,Perkebunan
"601",111.044951181347983,-7.507526426281264,2021-01-01,2021-07-17,Perkebunan
"602",111.045594911511557,-7.505484143341400,2021-01-01,2021-07-17,Perkebunan
"603",111.051688890393379,-7.508973037559426,2021-01-01,2021-07-17,Perkebunan
"604",111.053319673474434,-7.509228321402906,2021-01-01,2021-07-17,Perkebunan
"605",111.047354440625313,-7.505611786306158,2021-01-01,2021-07-17,Perkebunan
"606",111.049328546460274,-7.503782233564998,2021-01-01,2021-07-17,Perkebunan
"607",111.046539049084799,-7.500293297707558,2021-01-01,2021-07-17,Perkebunan
"608",111.046281557019370,-7.497910593730208,2021-01-01,2021-07-17,Perkebunan
"609",111.059714059765938,-7.497527657945914,2021-01-01,2021-07-17,Perkebunan
"610",111.056881647046225,-7.505739429233438,2021-01-01,2021-07-17,Perkebunan
"611",111.056409578259604,-7.507228593949996,2021-01-01,2021-07-17,Perkebunan
"612",111.051560144360678,-7.509909077585830,2021-01-01,2021-07-17,Perkebunan
"613",111.048598985608223,-7.505441595678166,2021-01-01,2021-07-17,Perkebunan
"614",111.050272684033530,-7.510760021315016,2021-01-01,2021-07-17,Perkebunan
"615",111.051774721081870,-7.510887662730680,2021-01-01,2021-07-17,Perkebunan
"616",111.060744028027671,-7.495357682139686,2021-01-01,2021-07-17,Perkebunan
"617",111.068897943432944,-7.511270586752748,2021-01-01,2021-07-17,Perkebunan
"618",111.068511705334799,-7.512632091653810,2021-01-01,2021-07-17,Perkebunan
"619",111.067267160351889,-7.513397936285732,2021-01-01,2021-07-17,Perkebunan
"620",111.053791742261055,-7.506718023764576,2021-01-01,2021-07-17,Perkebunan
"621",111.056237916882651,-7.522587966521322,2021-01-01,2021-07-17,Perkebunan
"622",111.054006318982246,-7.521311585067676,2021-01-01,2021-07-17,Perkebunan
"623",111.051946382458823,-7.521183946715816,2021-01-01,2021-07-17,Perkebunan
"624",111.054607133801582,-7.523821798357390,2021-01-01,2021-07-17,Perkebunan
"625",111.056752901013510,-7.524630169036930,2021-01-01,2021-07-17,Perkebunan
"626",111.053534250195625,-7.532586157953492,2021-01-01,2021-07-17,Perkebunan
"627",111.052675943310859,-7.533649781768526,2021-01-01,2021-07-17,Perkebunan
"628",111.052418451245444,-7.531650166836530,2021-01-01,2021-07-17,Perkebunan
"629",111.057525377209785,-7.525353446789046,2021-01-01,2021-07-17,Perkebunan
"630",111.071172456677559,-7.527736000264680,2021-01-01,2021-07-17,Perkebunan
"631",111.070185403760092,-7.523991981783540,2021-01-01,2021-07-17,Perkebunan
"632",111.071301202710288,-7.525353446789044,2021-01-01,2021-07-17,Perkebunan
"633",111.069327096875313,-7.526119268976596,2021-01-01,2021-07-17,Perkebunan
"634",111.072245340283516,-7.526629816350344,2021-01-01,2021-07-17,Perkebunan
"635",111.071773271496895,-7.528331636588114,2021-01-01,2021-07-17,Perkebunan
"636",111.070271234448555,-7.529565452083380,2021-01-01,2021-07-17,Perkebunan
"637",111.071000795300606,-7.531522531527582,2021-01-01,2021-07-17,Perkebunan
"638",111.072331170972006,-7.529267634871556,2021-01-01,2021-07-17,Perkebunan
"639",111.072760324414389,-7.530799264066804,2021-01-01,2021-07-17,Perkebunan
"640",111.068297128613622,-7.532203252740920,2021-01-01,2021-07-17,Perkebunan
"641",111.069412927563803,-7.528501818244504,2021-01-01,2021-07-17,Perkebunan
"642",111.070142488415854,-7.533011607792830,2021-01-01,2021-07-17,Perkebunan
"643",111.068940858777168,-7.534160320272240,2021-01-01,2021-07-17,Perkebunan
"644",111.066923837597983,-7.532203252740920,2021-01-01,2021-07-17,Perkebunan
"645",111.066065530713217,-7.531777802107896,2021-01-01,2021-07-17,Perkebunan
"646",111.072288255627754,-7.533990140837854,2021-01-01,2021-07-17,Perkebunan
"647",111.075292329724448,-7.533011607792830,2021-01-01,2021-07-17,Perkebunan
"648",111.082287530835274,-7.531990527476620,2021-01-01,2021-07-17,Perkebunan
"649",111.082330446179498,-7.533819961336610,2021-01-01,2021-07-17,Perkebunan
"650",111.080055932934897,-7.532160707696426,2021-01-01,2021-07-17,Perkebunan
"651",111.050401430066245,-7.519099181655120,2021-01-01,2021-07-17,Perkebunan
"652",111.052504281933906,-7.522460328544922,2021-01-01,2021-07-17,Perkebunan
"653",111.053577165539878,-7.533947595968812,2021-01-01,2021-07-17,Perkebunan
"654",111.066348583825118,-7.514829186042376,2021-01-01,2021-07-17,Perkebunan
"655",111.069695980675689,-7.513552781777824,2021-01-01,2021-07-17,Perkebunan
"656",111.070554287560483,-7.514744092541428,2021-01-01,2021-07-17,Perkebunan
"657",111.063516171105405,-7.518318005225072,2021-01-01,2021-07-17,Perkebunan
"658",111.064889462121030,-7.491683139970174,2021-01-01,2021-07-17,Perkebunan
"659",111.066520245202071,-7.492619217188444,2021-01-01,2021-07-17,Perkebunan
"660",111.050555737145430,-7.487087822642480,2021-01-01,2021-07-17,Perkebunan
"661",111.047122509606382,-7.501384206241422,2021-01-01,2021-07-17,Perkebunan
"662",111.083982686932686,-7.528352909298814,2021-01-01,2021-07-17,Lahan_terbuka
"663",111.084411840375068,-7.528778363293658,2021-01-01,2021-07-17,Lahan_terbuka
"664",111.085098485882881,-7.529841996454000,2021-01-01,2021-07-17,Lahan_terbuka
"665",110.845366561203818,-7.388768273825888,2021-01-01,2021-07-17,Lahan_terbuka
"666",110.844894492417211,-7.388853391801698,2021-01-01,2021-07-17,Lahan_terbuka
"667",110.869248950272436,-7.375340707937564,2021-01-01,2021-07-17,Lahan_terbuka
"668",110.868873441010351,-7.377362316821976,2021-01-01,2021-07-17,Lahan_terbuka
"669",110.868970000534887,-7.377958157678510,2021-01-01,2021-07-17,Lahan_terbuka
"670",110.868766152649741,-7.377777277503296,2021-01-01,2021-07-17,Lahan_terbuka
"671",110.868755423813695,-7.378532717744566,2021-01-01,2021-07-17,Lahan_terbuka
"672",110.865644061356420,-7.506215396887550,2021-01-01,2021-07-17,Lahan_terbuka
"673",110.866073214798789,-7.507023800338752,2021-01-01,2021-07-17,Lahan_terbuka
"674",110.875214183121543,-7.503024315959270,2021-01-01,2021-07-17,Lahan_terbuka
"675",110.862296664505820,-7.507236537839270,2021-01-01,2021-07-17,Lahan_terbuka
"676",111.122149073868627,-7.329969124519906,2021-01-01,2021-07-17,Lahan_terbuka
"677",111.121398055344443,-7.328330383120726,2021-01-01,2021-07-17,Lahan_terbuka
"678",111.122299277573447,-7.330394770650240,2021-01-01,2021-07-17,Lahan_terbuka
"679",111.122685515671606,-7.330777851819752,2021-01-01,2021-07-17,Lahan_terbuka
"680",111.119166457444067,-7.329841430601478,2021-01-01,2021-07-17,Lahan_terbuka
"681",110.911413275986533,-7.341716808324734,2021-01-01,2021-07-17,Lahan_terbuka
"682",110.909889781266074,-7.335342877058902,2021-01-01,2021-07-17,Lahan_terbuka
"683",110.910318934708471,-7.334970440856046,2021-01-01,2021-07-17,Lahan_terbuka
"684",110.907432877808446,-7.335438646317822,2021-01-01,2021-07-17,Lahan_terbuka
"685",110.910061442643027,-7.335832364165814,2021-01-01,2021-07-17,Lahan_terbuka
"686",110.909857594757909,-7.333810566113674,2021-01-01,2021-07-17,Lahan_terbuka
"687",110.911466920166845,-7.333853130377816,2021-01-01,2021-07-17,Lahan_terbuka
"688",110.911434733658652,-7.337609410659148,2021-01-01,2021-07-17,Lahan_terbuka
"689",110.913333737641196,-7.333097614084256,2021-01-01,2021-07-17,Lahan_terbuka
"690",110.913172805100302,-7.332916715626540,2021-01-01,2021-07-17,Lahan_terbuka
"691",110.905845010071616,-7.335161979513584,2021-01-01,2021-07-17,Lahan_terbuka
"692",110.906102502137060,-7.335108774339202,2021-01-01,2021-07-17,Lahan_terbuka
"693",110.906617486267919,-7.335013005009288,2021-01-01,2021-07-17,Lahan_terbuka
"694",110.907507979660863,-7.336353773752758,2021-01-01,2021-07-17,Lahan_terbuka
"695",110.910351121216635,-7.333693514366274,2021-01-01,2021-07-17,Lahan_terbuka
"696",110.904643380432944,-7.336811336764546,2021-01-01,2021-07-17,Lahan_terbuka
"697",111.129743984236441,-7.487249153500940,2021-01-01,2021-07-17,Lahan_terbuka
"698",111.129507949843116,-7.487546999500640,2021-01-01,2021-07-17,Lahan_terbuka
"699",111.129207542433463,-7.487759746518700,2021-01-01,2021-07-17,Lahan_terbuka
"700",111.129465034498892,-7.488142690889554,2021-01-01,2021-07-17,Lahan_terbuka
"701",111.131009986891456,-7.488376712283894,2021-01-01,2021-07-17,Lahan_terbuka
"702",111.130387714400015,-7.491589175086256,2021-01-01,2021-07-17,Lahan_terbuka
"703",111.105604103102394,-7.489717014212812,2021-01-01,2021-07-17,Lahan_terbuka
"704",111.105754306807242,-7.490121231445860,2021-01-01,2021-07-17,Lahan_terbuka
"705",111.104402473463750,-7.491057312019728,2021-01-01,2021-07-17,Lahan_terbuka
"706",111.103758743300162,-7.491057312019728,2021-01-01,2021-07-17,Lahan_terbuka
"707",111.103179386152931,-7.490844566611336,2021-01-01,2021-07-17,Lahan_terbuka
"708",111.104037693037696,-7.491206233743800,2021-01-01,2021-07-17,Lahan_terbuka
"709",111.111848285689078,-7.490525448304000,2021-01-01,2021-07-17,Lahan_terbuka
"710",111.104338100447364,-7.489887210988218,2021-01-01,2021-07-17,Lahan_terbuka
"711",111.105024745955177,-7.489759563412902,2021-01-01,2021-07-17,Lahan_terbuka
